date,copper_price_usd_per_tonne,source,frequency,unit,vintage_date
1992-01-31,2150.57962901611,IMF Primary Commodity Prices via ALFRED,monthly,USD per metric tonne,2026-07-13
1992-02-29,2208.89225860596,IMF Primary Commodity Prices via ALFRED,monthly,USD per metric tonne,2026-07-13
1992-03-31,2231.78550956421,IMF Primary Commodity Prices via ALFRED,monthly,USD per metric tonne,2026-07-13
1992-04-30,2214.16681599274,IMF Primary Commodity Prices via ALFRED,monthly,USD per metric tonne,2026-07-13
1992-05-31,2219.31505581207,IMF Primary Commodity Prices via ALFRED,monthly,USD per metric tonne,2026-07-13
1992-06-30,2296.44193858643,IMF Primary Commodity Prices via ALFRED,monthly,USD per metric tonne,2026-07-13
1992-07-31,2527.28502240143,IMF Primary Commodity Prices via ALFRED,monthly,USD per metric tonne,2026-07-13
1992-08-31,2513.46998458252,IMF Primary Commodity Prices via ALFRED,monthly,USD per metric tonne,2026-07-13
1992-09-30,2419.61418178101,IMF Primary Commodity Prices via ALFRED,monthly,USD per metric tonne,2026-07-13
1992-10-31,2262.45696237183,IMF Primary Commodity Prices via ALFRED,monthly,USD per metric tonne,2026-07-13
1992-11-30,2161.78909368286,IMF Primary Commodity Prices via ALFRED,monthly,USD per metric tonne,2026-07-13
1992-12-31,2211.95028749237,IMF Primary Commodity Prices via ALFRED,monthly,USD per metric tonne,2026-07-13
1993-01-31,2264.21397077332,IMF Primary Commodity Prices via ALFRED,monthly,USD per metric tonne,2026-07-13
1993-02-28,2212.18139313507,IMF Primary Commodity Prices via ALFRED,monthly,USD per metric tonne,2026-07-13
1993-03-31,2152.38020099945,IMF Primary Commodity Prices via ALFRED,monthly,USD per metric tonne,2026-07-13
1993-04-30,1953.62060192108,IMF Primary Commodity Prices via ALFRED,monthly,USD per metric tonne,2026-07-13
1993-05-31,1799.35169844818,IMF Primary Commodity Prices via ALFRED,monthly,USD per metric tonne,2026-07-13
1993-06-30,1857.87070840454,IMF Primary Commodity Prices via ALFRED,monthly,USD per metric tonne,2026-07-13
1993-07-31,1927.33981992645,IMF Primary Commodity Prices via ALFRED,monthly,USD per metric tonne,2026-07-13
1993-08-31,1951.07137548676,IMF Primary Commodity Prices via ALFRED,monthly,USD per metric tonne,2026-07-13
1993-09-30,1858.24999750519,IMF Primary Commodity Prices via ALFRED,monthly,USD per metric tonne,2026-07-13
1993-10-31,1646.99992897491,IMF Primary Commodity Prices via ALFRED,monthly,USD per metric tonne,2026-07-13
1993-11-30,1632.56810484467,IMF Primary Commodity Prices via ALFRED,monthly,USD per metric tonne,2026-07-13
1993-12-31,1723.6250736618,IMF Primary Commodity Prices via ALFRED,monthly,USD per metric tonne,2026-07-13
1994-01-31,1807.07136699066,IMF Primary Commodity Prices via ALFRED,monthly,USD per metric tonne,2026-07-13
1994-02-28,1865.07501472778,IMF Primary Commodity Prices via ALFRED,monthly,USD per metric tonne,2026-07-13
1994-03-31,1913.17391866455,IMF Primary Commodity Prices via ALFRED,monthly,USD per metric tonne,2026-07-13
1994-04-30,1881.36846713562,IMF Primary Commodity Prices via ALFRED,monthly,USD per metric tonne,2026-07-13
1994-05-31,2144.50007046051,IMF Primary Commodity Prices via ALFRED,monthly,USD per metric tonne,2026-07-13
1994-06-30,2363.09102303009,IMF Primary Commodity Prices via ALFRED,monthly,USD per metric tonne,2026-07-13
1994-07-31,2447.23803404999,IMF Primary Commodity Prices via ALFRED,monthly,USD per metric tonne,2026-07-13
1994-08-31,2409.74997397766,IMF Primary Commodity Prices via ALFRED,monthly,USD per metric tonne,2026-07-13
1994-09-30,2504.84103139343,IMF Primary Commodity Prices via ALFRED,monthly,USD per metric tonne,2026-07-13
1994-10-31,2546.02375416412,IMF Primary Commodity Prices via ALFRED,monthly,USD per metric tonne,2026-07-13
1994-11-30,2803.54541098175,IMF Primary Commodity Prices via ALFRED,monthly,USD per metric tonne,2026-07-13
1994-12-31,2980.69999645081,IMF Primary Commodity Prices via ALFRED,monthly,USD per metric tonne,2026-07-13
1995-01-31,3003.26189506836,IMF Primary Commodity Prices via ALFRED,monthly,USD per metric tonne,2026-07-13
1995-02-28,2870.45015814514,IMF Primary Commodity Prices via ALFRED,monthly,USD per metric tonne,2026-07-13
1995-03-31,2919.67397804871,IMF Primary Commodity Prices via ALFRED,monthly,USD per metric tonne,2026-07-13
1995-04-30,2894.88882296448,IMF Primary Commodity Prices via ALFRED,monthly,USD per metric tonne,2026-07-13
1995-05-31,2771.57125569763,IMF Primary Commodity Prices via ALFRED,monthly,USD per metric tonne,2026-07-13
1995-06-30,2987.68194348755,IMF Primary Commodity Prices via ALFRED,monthly,USD per metric tonne,2026-07-13
1995-07-31,3076.4500581665,IMF Primary Commodity Prices via ALFRED,monthly,USD per metric tonne,2026-07-13
1995-08-31,3040.13619641418,IMF Primary Commodity Prices via ALFRED,monthly,USD per metric tonne,2026-07-13
1995-09-30,2910.42504276428,IMF Primary Commodity Prices via ALFRED,monthly,USD per metric tonne,2026-07-13
1995-10-31,2810.06817431793,IMF Primary Commodity Prices via ALFRED,monthly,USD per metric tonne,2026-07-13
1995-11-30,2981.61903664856,IMF Primary Commodity Prices via ALFRED,monthly,USD per metric tonne,2026-07-13
1995-12-31,2918.21064537659,IMF Primary Commodity Prices via ALFRED,monthly,USD per metric tonne,2026-07-13
1996-01-31,2604.99992943115,IMF Primary Commodity Prices via ALFRED,monthly,USD per metric tonne,2026-07-13
1996-02-29,2544.66672335968,IMF Primary Commodity Prices via ALFRED,monthly,USD per metric tonne,2026-07-13
1996-03-31,2563.34994940033,IMF Primary Commodity Prices via ALFRED,monthly,USD per metric tonne,2026-07-13
1996-04-30,2594.17496803894,IMF Primary Commodity Prices via ALFRED,monthly,USD per metric tonne,2026-07-13
1996-05-31,2658.76193080902,IMF Primary Commodity Prices via ALFRED,monthly,USD per metric tonne,2026-07-13
1996-06-30,2177.59998270721,IMF Primary Commodity Prices via ALFRED,monthly,USD per metric tonne,2026-07-13
1996-07-31,1983.93479971771,IMF Primary Commodity Prices via ALFRED,monthly,USD per metric tonne,2026-07-13
1996-08-31,2017.85720584564,IMF Primary Commodity Prices via ALFRED,monthly,USD per metric tonne,2026-07-13
1996-09-30,1935.07143060913,IMF Primary Commodity Prices via ALFRED,monthly,USD per metric tonne,2026-07-13
1996-10-31,1960.19567519531,IMF Primary Commodity Prices via ALFRED,monthly,USD per metric tonne,2026-07-13
1996-11-30,2215.42864607391,IMF Primary Commodity Prices via ALFRED,monthly,USD per metric tonne,2026-07-13
1996-12-31,2264.59527826385,IMF Primary Commodity Prices via ALFRED,monthly,USD per metric tonne,2026-07-13
1997-01-31,2427.27279402924,IMF Primary Commodity Prices via ALFRED,monthly,USD per metric tonne,2026-07-13
1997-02-28,2406.63156159363,IMF Primary Commodity Prices via ALFRED,monthly,USD per metric tonne,2026-07-13
1997-03-31,2420.1842087265,IMF Primary Commodity Prices via ALFRED,monthly,USD per metric tonne,2026-07-13
1997-04-30,2389.31814949341,IMF Primary Commodity Prices via ALFRED,monthly,USD per metric tonne,2026-07-13
1997-05-31,2513.29993523407,IMF Primary Commodity Prices via ALFRED,monthly,USD per metric tonne,2026-07-13
1997-06-30,2611.28570015411,IMF Primary Commodity Prices via ALFRED,monthly,USD per metric tonne,2026-07-13
1997-07-31,2449.19570404663,IMF Primary Commodity Prices via ALFRED,monthly,USD per metric tonne,2026-07-13
1997-08-31,2250.10004305115,IMF Primary Commodity Prices via ALFRED,monthly,USD per metric tonne,2026-07-13
1997-09-30,2104.30955452118,IMF Primary Commodity Prices via ALFRED,monthly,USD per metric tonne,2026-07-13
1997-10-31,2050.6955684021,IMF Primary Commodity Prices via ALFRED,monthly,USD per metric tonne,2026-07-13
1997-11-30,1918.49994499359,IMF Primary Commodity Prices via ALFRED,monthly,USD per metric tonne,2026-07-13
1997-12-31,1761.45239143524,IMF Primary Commodity Prices via ALFRED,monthly,USD per metric tonne,2026-07-13
1998-01-31,1687.60000986328,IMF Primary Commodity Prices via ALFRED,monthly,USD per metric tonne,2026-07-13
1998-02-28,1663.99998604431,IMF Primary Commodity Prices via ALFRED,monthly,USD per metric tonne,2026-07-13
1998-03-31,1747.15916341095,IMF Primary Commodity Prices via ALFRED,monthly,USD per metric tonne,2026-07-13
1998-04-30,1800.12507817535,IMF Primary Commodity Prices via ALFRED,monthly,USD per metric tonne,2026-07-13
1998-05-31,1731.65792903595,IMF Primary Commodity Prices via ALFRED,monthly,USD per metric tonne,2026-07-13
1998-06-30,1656.59518632507,IMF Primary Commodity Prices via ALFRED,monthly,USD per metric tonne,2026-07-13
1998-07-31,1655.66672697449,IMF Primary Commodity Prices via ALFRED,monthly,USD per metric tonne,2026-07-13
1998-08-31,1619.92507875671,IMF Primary Commodity Prices via ALFRED,monthly,USD per metric tonne,2026-07-13
1998-09-30,1646.77269191284,IMF Primary Commodity Prices via ALFRED,monthly,USD per metric tonne,2026-07-13
1998-10-31,1585.49992534637,IMF Primary Commodity Prices via ALFRED,monthly,USD per metric tonne,2026-07-13
1998-11-30,1573.72497511139,IMF Primary Commodity Prices via ALFRED,monthly,USD per metric tonne,2026-07-13
1998-12-31,1475.76309447174,IMF Primary Commodity Prices via ALFRED,monthly,USD per metric tonne,2026-07-13
1999-01-31,1432.00002842255,IMF Primary Commodity Prices via ALFRED,monthly,USD per metric tonne,2026-07-13
1999-02-28,1412.95,IMF Primary Commodity Prices via ALFRED,monthly,USD per metric tonne,2026-07-13
1999-03-31,1378.47727272727,IMF Primary Commodity Prices via ALFRED,monthly,USD per metric tonne,2026-07-13
1999-04-30,1463.725,IMF Primary Commodity Prices via ALFRED,monthly,USD per metric tonne,2026-07-13
1999-05-31,1510.44736842105,IMF Primary Commodity Prices via ALFRED,monthly,USD per metric tonne,2026-07-13
1999-06-30,1422.15909090909,IMF Primary Commodity Prices via ALFRED,monthly,USD per metric tonne,2026-07-13
1999-07-31,1639.18181818182,IMF Primary Commodity Prices via ALFRED,monthly,USD per metric tonne,2026-07-13
1999-08-31,1646.7380952381,IMF Primary Commodity Prices via ALFRED,monthly,USD per metric tonne,2026-07-13
1999-09-30,1749.68181818182,IMF Primary Commodity Prices via ALFRED,monthly,USD per metric tonne,2026-07-13
1999-10-31,1723.28571428571,IMF Primary Commodity Prices via ALFRED,monthly,USD per metric tonne,2026-07-13
1999-11-30,1726.77272727273,IMF Primary Commodity Prices via ALFRED,monthly,USD per metric tonne,2026-07-13
1999-12-31,1764.88235294118,IMF Primary Commodity Prices via ALFRED,monthly,USD per metric tonne,2026-07-13
2000-01-31,1843.85,IMF Primary Commodity Prices via ALFRED,monthly,USD per metric tonne,2026-07-13
2000-02-29,1807.025,IMF Primary Commodity Prices via ALFRED,monthly,USD per metric tonne,2026-07-13
2000-03-31,1739.8,IMF Primary Commodity Prices via ALFRED,monthly,USD per metric tonne,2026-07-13
2000-04-30,1681.9075,IMF Primary Commodity Prices via ALFRED,monthly,USD per metric tonne,2026-07-13
2000-05-31,1785.09782608696,IMF Primary Commodity Prices via ALFRED,monthly,USD per metric tonne,2026-07-13
2000-06-30,1752.07272727273,IMF Primary Commodity Prices via ALFRED,monthly,USD per metric tonne,2026-07-13
2000-07-31,1803.14285714286,IMF Primary Commodity Prices via ALFRED,monthly,USD per metric tonne,2026-07-13
2000-08-31,1857.12391304348,IMF Primary Commodity Prices via ALFRED,monthly,USD per metric tonne,2026-07-13
2000-09-30,1961.89285714286,IMF Primary Commodity Prices via ALFRED,monthly,USD per metric tonne,2026-07-13
2000-10-31,1894.37272727273,IMF Primary Commodity Prices via ALFRED,monthly,USD per metric tonne,2026-07-13
2000-11-30,1795.60227272727,IMF Primary Commodity Prices via ALFRED,monthly,USD per metric tonne,2026-07-13
2000-12-31,1852.4,IMF Primary Commodity Prices via ALFRED,monthly,USD per metric tonne,2026-07-13
2001-01-31,1787.05681818182,IMF Primary Commodity Prices via ALFRED,monthly,USD per metric tonne,2026-07-13
2001-02-28,1766.125,IMF Primary Commodity Prices via ALFRED,monthly,USD per metric tonne,2026-07-13
2001-03-31,1742.15909090909,IMF Primary Commodity Prices via ALFRED,monthly,USD per metric tonne,2026-07-13
2001-04-30,1665.97222222222,IMF Primary Commodity Prices via ALFRED,monthly,USD per metric tonne,2026-07-13
2001-05-31,1684.85,IMF Primary Commodity Prices via ALFRED,monthly,USD per metric tonne,2026-07-13
2001-06-30,1610.46904761905,IMF Primary Commodity Prices via ALFRED,monthly,USD per metric tonne,2026-07-13
2001-07-31,1526.77045454545,IMF Primary Commodity Prices via ALFRED,monthly,USD per metric tonne,2026-07-13
2001-08-31,1466.41136363636,IMF Primary Commodity Prices via ALFRED,monthly,USD per metric tonne,2026-07-13
2001-09-30,1427.69736842105,IMF Primary Commodity Prices via ALFRED,monthly,USD per metric tonne,2026-07-13
2001-10-31,1377.37608695652,IMF Primary Commodity Prices via ALFRED,monthly,USD per metric tonne,2026-07-13
2001-11-30,1434.29318181818,IMF Primary Commodity Prices via ALFRED,monthly,USD per metric tonne,2026-07-13
2001-12-31,1472.84705882353,IMF Primary Commodity Prices via ALFRED,monthly,USD per metric tonne,2026-07-13
2002-01-31,1508.22727272727,IMF Primary Commodity Prices via ALFRED,monthly,USD per metric tonne,2026-07-13
2002-02-28,1561.3675,IMF Primary Commodity Prices via ALFRED,monthly,USD per metric tonne,2026-07-13
2002-03-31,1607.3925,IMF Primary Commodity Prices via ALFRED,monthly,USD per metric tonne,2026-07-13
2002-04-30,1588.57142857143,IMF Primary Commodity Prices via ALFRED,monthly,USD per metric tonne,2026-07-13
2002-05-31,1597.02272727273,IMF Primary Commodity Prices via ALFRED,monthly,USD per metric tonne,2026-07-13
2002-06-30,1650.59444444444,IMF Primary Commodity Prices via ALFRED,monthly,USD per metric tonne,2026-07-13
2002-07-31,1588.2847826087,IMF Primary Commodity Prices via ALFRED,monthly,USD per metric tonne,2026-07-13
2002-08-31,1482.91666666667,IMF Primary Commodity Prices via ALFRED,monthly,USD per metric tonne,2026-07-13
2002-09-30,1478.93333333333,IMF Primary Commodity Prices via ALFRED,monthly,USD per metric tonne,2026-07-13
2002-10-31,1486.17173913043,IMF Primary Commodity Prices via ALFRED,monthly,USD per metric tonne,2026-07-13
2002-11-30,1581.03571428571,IMF Primary Commodity Prices via ALFRED,monthly,USD per metric tonne,2026-07-13
2002-12-31,1592.96428571429,IMF Primary Commodity Prices via ALFRED,monthly,USD per metric tonne,2026-07-13
2003-01-31,1650.311363636364,IMF Primary Commodity Prices via ALFRED,monthly,USD per metric tonne,2026-07-13
2003-02-28,1682.145,IMF Primary Commodity Prices via ALFRED,monthly,USD per metric tonne,2026-07-13
2003-03-31,1655.692857142857,IMF Primary Commodity Prices via ALFRED,monthly,USD per metric tonne,2026-07-13
2003-04-30,1587.8675,IMF Primary Commodity Prices via ALFRED,monthly,USD per metric tonne,2026-07-13
2003-05-31,1651.1,IMF Primary Commodity Prices via ALFRED,monthly,USD per metric tonne,2026-07-13
2003-06-30,1685.107142857143,IMF Primary Commodity Prices via ALFRED,monthly,USD per metric tonne,2026-07-13
2003-07-31,1712.826086956522,IMF Primary Commodity Prices via ALFRED,monthly,USD per metric tonne,2026-07-13
2003-08-31,1756.725,IMF Primary Commodity Prices via ALFRED,monthly,USD per metric tonne,2026-07-13
2003-09-30,1789.670454545455,IMF Primary Commodity Prices via ALFRED,monthly,USD per metric tonne,2026-07-13
2003-10-31,1925.582608695652,IMF Primary Commodity Prices via ALFRED,monthly,USD per metric tonne,2026-07-13
2003-11-30,2053.275,IMF Primary Commodity Prices via ALFRED,monthly,USD per metric tonne,2026-07-13
2003-12-31,2202.035714285714,IMF Primary Commodity Prices via ALFRED,monthly,USD per metric tonne,2026-07-13
2004-01-31,2421.47619047619,IMF Primary Commodity Prices via ALFRED,monthly,USD per metric tonne,2026-07-13
2004-02-29,2751.7175,IMF Primary Commodity Prices via ALFRED,monthly,USD per metric tonne,2026-07-13
2004-03-31,3000.282608695652,IMF Primary Commodity Prices via ALFRED,monthly,USD per metric tonne,2026-07-13
2004-04-30,2926.975,IMF Primary Commodity Prices via ALFRED,monthly,USD per metric tonne,2026-07-13
2004-05-31,2728.460526315789,IMF Primary Commodity Prices via ALFRED,monthly,USD per metric tonne,2026-07-13
2004-06-30,2689.045454545455,IMF Primary Commodity Prices via ALFRED,monthly,USD per metric tonne,2026-07-13
2004-07-31,2816.795454545455,IMF Primary Commodity Prices via ALFRED,monthly,USD per metric tonne,2026-07-13
2004-08-31,2844.202380952381,IMF Primary Commodity Prices via ALFRED,monthly,USD per metric tonne,2026-07-13
2004-09-30,2903.170454545455,IMF Primary Commodity Prices via ALFRED,monthly,USD per metric tonne,2026-07-13
2004-10-31,3009.404761904762,IMF Primary Commodity Prices via ALFRED,monthly,USD per metric tonne,2026-07-13
2004-11-30,3130.309090909091,IMF Primary Commodity Prices via ALFRED,monthly,USD per metric tonne,2026-07-13
2004-12-31,3139.785714285714,IMF Primary Commodity Prices via ALFRED,monthly,USD per metric tonne,2026-07-13
2005-01-31,3168.1,IMF Primary Commodity Prices via ALFRED,monthly,USD per metric tonne,2026-07-13
2005-02-28,3247.1,IMF Primary Commodity Prices via ALFRED,monthly,USD per metric tonne,2026-07-13
2005-03-31,3378.904761904762,IMF Primary Commodity Prices via ALFRED,monthly,USD per metric tonne,2026-07-13
2005-04-30,3389.809523809524,IMF Primary Commodity Prices via ALFRED,monthly,USD per metric tonne,2026-07-13
2005-05-31,3241.9,IMF Primary Commodity Prices via ALFRED,monthly,USD per metric tonne,2026-07-13
2005-06-30,3529.727272727273,IMF Primary Commodity Prices via ALFRED,monthly,USD per metric tonne,2026-07-13
2005-07-31,3608.47619047619,IMF Primary Commodity Prices via ALFRED,monthly,USD per metric tonne,2026-07-13
2005-08-31,3791.909090909091,IMF Primary Commodity Prices via ALFRED,monthly,USD per metric tonne,2026-07-13
2005-09-30,3850.659090909091,IMF Primary Commodity Prices via ALFRED,monthly,USD per metric tonne,2026-07-13
2005-10-31,4056.166666666667,IMF Primary Commodity Prices via ALFRED,monthly,USD per metric tonne,2026-07-13
2005-11-30,4278.159090909091,IMF Primary Commodity Prices via ALFRED,monthly,USD per metric tonne,2026-07-13
2005-12-31,4577.025,IMF Primary Commodity Prices via ALFRED,monthly,USD per metric tonne,2026-07-13
2006-01-31,4743.857142857143,IMF Primary Commodity Prices via ALFRED,monthly,USD per metric tonne,2026-07-13
2006-02-28,4974.975,IMF Primary Commodity Prices via ALFRED,monthly,USD per metric tonne,2026-07-13
2006-03-31,5123.673913043478,IMF Primary Commodity Prices via ALFRED,monthly,USD per metric tonne,2026-07-13
2006-04-30,6404.444444444444,IMF Primary Commodity Prices via ALFRED,monthly,USD per metric tonne,2026-07-13
2006-05-31,8059.190476190476,IMF Primary Commodity Prices via ALFRED,monthly,USD per metric tonne,2026-07-13
2006-06-30,7222.772727272727,IMF Primary Commodity Prices via ALFRED,monthly,USD per metric tonne,2026-07-13
2006-07-31,7726.738095238095,IMF Primary Commodity Prices via ALFRED,monthly,USD per metric tonne,2026-07-13
2006-08-31,7690.25,IMF Primary Commodity Prices via ALFRED,monthly,USD per metric tonne,2026-07-13
2006-09-30,7622.642857142857,IMF Primary Commodity Prices via ALFRED,monthly,USD per metric tonne,2026-07-13
2006-10-31,7497.409090909091,IMF Primary Commodity Prices via ALFRED,monthly,USD per metric tonne,2026-07-13
2006-11-30,7029.295454545455,IMF Primary Commodity Prices via ALFRED,monthly,USD per metric tonne,2026-07-13
2006-12-31,6680.973684210526,IMF Primary Commodity Prices via ALFRED,monthly,USD per metric tonne,2026-07-13
2007-01-31,5689.340909090909,IMF Primary Commodity Prices via ALFRED,monthly,USD per metric tonne,2026-07-13
2007-02-28,5718.15,IMF Primary Commodity Prices via ALFRED,monthly,USD per metric tonne,2026-07-13
2007-03-31,6465.295454545455,IMF Primary Commodity Prices via ALFRED,monthly,USD per metric tonne,2026-07-13
2007-04-30,7753.342105263158,IMF Primary Commodity Prices via ALFRED,monthly,USD per metric tonne,2026-07-13
2007-05-31,7677.952380952381,IMF Primary Commodity Prices via ALFRED,monthly,USD per metric tonne,2026-07-13
2007-06-30,7514.238095238095,IMF Primary Commodity Prices via ALFRED,monthly,USD per metric tonne,2026-07-13
2007-07-31,7980.931818181818,IMF Primary Commodity Prices via ALFRED,monthly,USD per metric tonne,2026-07-13
2007-08-31,7500.204545454545,IMF Primary Commodity Prices via ALFRED,monthly,USD per metric tonne,2026-07-13
2007-09-30,7671.35,IMF Primary Commodity Prices via ALFRED,monthly,USD per metric tonne,2026-07-13
2007-10-31,8020.586956521739,IMF Primary Commodity Prices via ALFRED,monthly,USD per metric tonne,2026-07-13
2007-11-30,6957.431818181818,IMF Primary Commodity Prices via ALFRED,monthly,USD per metric tonne,2026-07-13
2007-12-31,6630.736111111111,IMF Primary Commodity Prices via ALFRED,monthly,USD per metric tonne,2026-07-13
2008-01-31,7078.909090909091,IMF Primary Commodity Prices via ALFRED,monthly,USD per metric tonne,2026-07-13
2008-02-29,7941.142857142857,IMF Primary Commodity Prices via ALFRED,monthly,USD per metric tonne,2026-07-13
2008-03-31,8434.315789473683,IMF Primary Commodity Prices via ALFRED,monthly,USD per metric tonne,2026-07-13
2008-04-30,8714.181818181818,IMF Primary Commodity Prices via ALFRED,monthly,USD per metric tonne,2026-07-13
2008-05-31,8356.125,IMF Primary Commodity Prices via ALFRED,monthly,USD per metric tonne,2026-07-13
2008-06-30,8292.0,IMF Primary Commodity Prices via ALFRED,monthly,USD per metric tonne,2026-07-13
2008-07-31,8407.021739130436,IMF Primary Commodity Prices via ALFRED,monthly,USD per metric tonne,2026-07-13
2008-08-31,7633.8,IMF Primary Commodity Prices via ALFRED,monthly,USD per metric tonne,2026-07-13
2008-09-30,6975.113636363636,IMF Primary Commodity Prices via ALFRED,monthly,USD per metric tonne,2026-07-13
2008-10-31,4894.891304347826,IMF Primary Commodity Prices via ALFRED,monthly,USD per metric tonne,2026-07-13
2008-11-30,3729.1875,IMF Primary Commodity Prices via ALFRED,monthly,USD per metric tonne,2026-07-13
2008-12-31,3105.095238095238,IMF Primary Commodity Prices via ALFRED,monthly,USD per metric tonne,2026-07-13
2009-01-31,3260.357142857143,IMF Primary Commodity Prices via ALFRED,monthly,USD per metric tonne,2026-07-13
2009-02-28,3328.4125,IMF Primary Commodity Prices via ALFRED,monthly,USD per metric tonne,2026-07-13
2009-03-31,3770.875,IMF Primary Commodity Prices via ALFRED,monthly,USD per metric tonne,2026-07-13
2009-04-30,4436.925,IMF Primary Commodity Prices via ALFRED,monthly,USD per metric tonne,2026-07-13
2009-05-31,4591.460526315789,IMF Primary Commodity Prices via ALFRED,monthly,USD per metric tonne,2026-07-13
2009-06-30,5015.431818181818,IMF Primary Commodity Prices via ALFRED,monthly,USD per metric tonne,2026-07-13
2009-07-31,5228.413043478261,IMF Primary Commodity Prices via ALFRED,monthly,USD per metric tonne,2026-07-13
2009-08-31,6176.875,IMF Primary Commodity Prices via ALFRED,monthly,USD per metric tonne,2026-07-13
2009-09-30,6195.75,IMF Primary Commodity Prices via ALFRED,monthly,USD per metric tonne,2026-07-13
2009-10-31,6305.988636363636,IMF Primary Commodity Prices via ALFRED,monthly,USD per metric tonne,2026-07-13
2009-11-30,6682.440476190476,IMF Primary Commodity Prices via ALFRED,monthly,USD per metric tonne,2026-07-13
2009-12-31,6976.97619047619,IMF Primary Commodity Prices via ALFRED,monthly,USD per metric tonne,2026-07-13
2010-01-31,7367.375,IMF Primary Commodity Prices via ALFRED,monthly,USD per metric tonne,2026-07-13
2010-02-28,6867.675,IMF Primary Commodity Prices via ALFRED,monthly,USD per metric tonne,2026-07-13
2010-03-31,7466.934782608696,IMF Primary Commodity Prices via ALFRED,monthly,USD per metric tonne,2026-07-13
2010-04-30,7729.8375,IMF Primary Commodity Prices via ALFRED,monthly,USD per metric tonne,2026-07-13
2010-05-31,6843.157894736842,IMF Primary Commodity Prices via ALFRED,monthly,USD per metric tonne,2026-07-13
2010-06-30,6501.5,IMF Primary Commodity Prices via ALFRED,monthly,USD per metric tonne,2026-07-13
2010-07-31,6750.568181818182,IMF Primary Commodity Prices via ALFRED,monthly,USD per metric tonne,2026-07-13
2010-08-31,7302.666666666667,IMF Primary Commodity Prices via ALFRED,monthly,USD per metric tonne,2026-07-13
2010-09-30,7729.590909090909,IMF Primary Commodity Prices via ALFRED,monthly,USD per metric tonne,2026-07-13
2010-10-31,8289.761904761905,IMF Primary Commodity Prices via ALFRED,monthly,USD per metric tonne,2026-07-13
2010-11-30,8458.420454545456,IMF Primary Commodity Prices via ALFRED,monthly,USD per metric tonne,2026-07-13
2010-12-31,9152.857142857143,IMF Primary Commodity Prices via ALFRED,monthly,USD per metric tonne,2026-07-13
2011-01-31,9533.2,IMF Primary Commodity Prices via ALFRED,monthly,USD per metric tonne,2026-07-13
2011-02-28,9880.9375,IMF Primary Commodity Prices via ALFRED,monthly,USD per metric tonne,2026-07-13
2011-03-31,9503.358695652174,IMF Primary Commodity Prices via ALFRED,monthly,USD per metric tonne,2026-07-13
2011-04-30,9482.75,IMF Primary Commodity Prices via ALFRED,monthly,USD per metric tonne,2026-07-13
2011-05-31,8931.675,IMF Primary Commodity Prices via ALFRED,monthly,USD per metric tonne,2026-07-13
2011-06-30,9066.852272727272,IMF Primary Commodity Prices via ALFRED,monthly,USD per metric tonne,2026-07-13
2011-07-31,9650.464285714286,IMF Primary Commodity Prices via ALFRED,monthly,USD per metric tonne,2026-07-13
2011-08-31,8997.988636363636,IMF Primary Commodity Prices via ALFRED,monthly,USD per metric tonne,2026-07-13
2011-09-30,8300.136363636364,IMF Primary Commodity Prices via ALFRED,monthly,USD per metric tonne,2026-07-13
2011-10-31,7394.190476190476,IMF Primary Commodity Prices via ALFRED,monthly,USD per metric tonne,2026-07-13
2011-11-30,7581.022727272727,IMF Primary Commodity Prices via ALFRED,monthly,USD per metric tonne,2026-07-13
2011-12-31,7558.875,IMF Primary Commodity Prices via ALFRED,monthly,USD per metric tonne,2026-07-13
2012-01-31,8061.916666666667,IMF Primary Commodity Prices via ALFRED,monthly,USD per metric tonne,2026-07-13
2012-02-29,8441.488095238095,IMF Primary Commodity Prices via ALFRED,monthly,USD per metric tonne,2026-07-13
2012-03-31,8470.784090909092,IMF Primary Commodity Prices via ALFRED,monthly,USD per metric tonne,2026-07-13
2012-04-30,8285.526315789473,IMF Primary Commodity Prices via ALFRED,monthly,USD per metric tonne,2026-07-13
2012-05-31,7896.909090909091,IMF Primary Commodity Prices via ALFRED,monthly,USD per metric tonne,2026-07-13
2012-06-30,7428.289473684211,IMF Primary Commodity Prices via ALFRED,monthly,USD per metric tonne,2026-07-13
2012-07-31,7584.261363636364,IMF Primary Commodity Prices via ALFRED,monthly,USD per metric tonne,2026-07-13
2012-08-31,7510.431818181818,IMF Primary Commodity Prices via ALFRED,monthly,USD per metric tonne,2026-07-13
2012-09-30,8087.7425,IMF Primary Commodity Prices via ALFRED,monthly,USD per metric tonne,2026-07-13
2012-10-31,8062.032608695652,IMF Primary Commodity Prices via ALFRED,monthly,USD per metric tonne,2026-07-13
2012-11-30,7711.227272727273,IMF Primary Commodity Prices via ALFRED,monthly,USD per metric tonne,2026-07-13
2012-12-31,7966.486842105263,IMF Primary Commodity Prices via ALFRED,monthly,USD per metric tonne,2026-07-13
2013-01-31,8053.738636363636,IMF Primary Commodity Prices via ALFRED,monthly,USD per metric tonne,2026-07-13
2013-02-28,8060.925,IMF Primary Commodity Prices via ALFRED,monthly,USD per metric tonne,2026-07-13
2013-03-31,7652.375,IMF Primary Commodity Prices via ALFRED,monthly,USD per metric tonne,2026-07-13
2013-04-30,7221.161904761905,IMF Primary Commodity Prices via ALFRED,monthly,USD per metric tonne,2026-07-13
2013-05-31,7248.714285714286,IMF Primary Commodity Prices via ALFRED,monthly,USD per metric tonne,2026-07-13
2013-06-30,7000.2375,IMF Primary Commodity Prices via ALFRED,monthly,USD per metric tonne,2026-07-13
2013-07-31,6906.641304347826,IMF Primary Commodity Prices via ALFRED,monthly,USD per metric tonne,2026-07-13
2013-08-31,7186.25,IMF Primary Commodity Prices via ALFRED,monthly,USD per metric tonne,2026-07-13
2013-09-30,7159.269047619048,IMF Primary Commodity Prices via ALFRED,monthly,USD per metric tonne,2026-07-13
2013-10-31,7203.021739130435,IMF Primary Commodity Prices via ALFRED,monthly,USD per metric tonne,2026-07-13
2013-11-30,7070.654761904762,IMF Primary Commodity Prices via ALFRED,monthly,USD per metric tonne,2026-07-13
2013-12-31,7214.9,IMF Primary Commodity Prices via ALFRED,monthly,USD per metric tonne,2026-07-13
2014-01-31,7291.465909090909,IMF Primary Commodity Prices via ALFRED,monthly,USD per metric tonne,2026-07-13
2014-02-28,7149.2125,IMF Primary Commodity Prices via ALFRED,monthly,USD per metric tonne,2026-07-13
2014-03-31,6650.035714285714,IMF Primary Commodity Prices via ALFRED,monthly,USD per metric tonne,2026-07-13
2014-04-30,6673.5625,IMF Primary Commodity Prices via ALFRED,monthly,USD per metric tonne,2026-07-13
2014-05-31,6891.125,IMF Primary Commodity Prices via ALFRED,monthly,USD per metric tonne,2026-07-13
2014-06-30,6821.142857142857,IMF Primary Commodity Prices via ALFRED,monthly,USD per metric tonne,2026-07-13
2014-07-31,7113.380434782609,IMF Primary Commodity Prices via ALFRED,monthly,USD per metric tonne,2026-07-13
2014-08-31,7001.8375,IMF Primary Commodity Prices via ALFRED,monthly,USD per metric tonne,2026-07-13
2014-09-30,6872.215909090909,IMF Primary Commodity Prices via ALFRED,monthly,USD per metric tonne,2026-07-13
2014-10-31,6737.478260869565,IMF Primary Commodity Prices via ALFRED,monthly,USD per metric tonne,2026-07-13
2014-11-30,6712.85,IMF Primary Commodity Prices via ALFRED,monthly,USD per metric tonne,2026-07-13
2014-12-31,6446.452380952381,IMF Primary Commodity Prices via ALFRED,monthly,USD per metric tonne,2026-07-13
2015-01-31,5830.535714285714,IMF Primary Commodity Prices via ALFRED,monthly,USD per metric tonne,2026-07-13
2015-02-28,5729.275,IMF Primary Commodity Prices via ALFRED,monthly,USD per metric tonne,2026-07-13
2015-03-31,5939.670454545455,IMF Primary Commodity Prices via ALFRED,monthly,USD per metric tonne,2026-07-13
2015-04-30,6042.0875,IMF Primary Commodity Prices via ALFRED,monthly,USD per metric tonne,2026-07-13
2015-05-31,6294.776315789474,IMF Primary Commodity Prices via ALFRED,monthly,USD per metric tonne,2026-07-13
2015-06-30,5833.011363636364,IMF Primary Commodity Prices via ALFRED,monthly,USD per metric tonne,2026-07-13
2015-07-31,5456.75,IMF Primary Commodity Prices via ALFRED,monthly,USD per metric tonne,2026-07-13
2015-08-31,5127.3,IMF Primary Commodity Prices via ALFRED,monthly,USD per metric tonne,2026-07-13
2015-09-30,5217.25,IMF Primary Commodity Prices via ALFRED,monthly,USD per metric tonne,2026-07-13
2015-10-31,5216.090909090909,IMF Primary Commodity Prices via ALFRED,monthly,USD per metric tonne,2026-07-13
2015-11-30,4799.904761904762,IMF Primary Commodity Prices via ALFRED,monthly,USD per metric tonne,2026-07-13
2015-12-31,4638.833333333333,IMF Primary Commodity Prices via ALFRED,monthly,USD per metric tonne,2026-07-13
2016-01-31,4471.7875,IMF Primary Commodity Prices via ALFRED,monthly,USD per metric tonne,2026-07-13
2016-02-29,4598.619047619048,IMF Primary Commodity Prices via ALFRED,monthly,USD per metric tonne,2026-07-13
2016-03-31,4953.797619047619,IMF Primary Commodity Prices via ALFRED,monthly,USD per metric tonne,2026-07-13
2016-04-30,4872.738095238095,IMF Primary Commodity Prices via ALFRED,monthly,USD per metric tonne,2026-07-13
2016-05-31,4694.5375,IMF Primary Commodity Prices via ALFRED,monthly,USD per metric tonne,2026-07-13
2016-06-30,4641.965909090909,IMF Primary Commodity Prices via ALFRED,monthly,USD per metric tonne,2026-07-13
2016-07-31,4864.904761904762,IMF Primary Commodity Prices via ALFRED,monthly,USD per metric tonne,2026-07-13
2016-08-31,4751.670454545455,IMF Primary Commodity Prices via ALFRED,monthly,USD per metric tonne,2026-07-13
2016-09-30,4722.204545454545,IMF Primary Commodity Prices via ALFRED,monthly,USD per metric tonne,2026-07-13
2016-10-31,4731.261904761905,IMF Primary Commodity Prices via ALFRED,monthly,USD per metric tonne,2026-07-13
2016-11-30,5450.931818181818,IMF Primary Commodity Prices via ALFRED,monthly,USD per metric tonne,2026-07-13
2016-12-31,5660.35,IMF Primary Commodity Prices via ALFRED,monthly,USD per metric tonne,2026-07-13
2017-01-31,5754.559523809524,IMF Primary Commodity Prices via ALFRED,monthly,USD per metric tonne,2026-07-13
2017-02-28,5940.9125,IMF Primary Commodity Prices via ALFRED,monthly,USD per metric tonne,2026-07-13
2017-03-31,5824.630434782609,IMF Primary Commodity Prices via ALFRED,monthly,USD per metric tonne,2026-07-13
2017-04-30,5683.902777777778,IMF Primary Commodity Prices via ALFRED,monthly,USD per metric tonne,2026-07-13
2017-05-31,5599.559523809524,IMF Primary Commodity Prices via ALFRED,monthly,USD per metric tonne,2026-07-13
2017-06-30,5719.761363636364,IMF Primary Commodity Prices via ALFRED,monthly,USD per metric tonne,2026-07-13
2017-07-31,5985.119047619048,IMF Primary Commodity Prices via ALFRED,monthly,USD per metric tonne,2026-07-13
2017-08-31,6485.625,IMF Primary Commodity Prices via ALFRED,monthly,USD per metric tonne,2026-07-13
2017-09-30,6577.166666666667,IMF Primary Commodity Prices via ALFRED,monthly,USD per metric tonne,2026-07-13
2017-10-31,6807.602272727273,IMF Primary Commodity Prices via ALFRED,monthly,USD per metric tonne,2026-07-13
2017-11-30,6826.545454545455,IMF Primary Commodity Prices via ALFRED,monthly,USD per metric tonne,2026-07-13
2017-12-31,6833.894736842105,IMF Primary Commodity Prices via ALFRED,monthly,USD per metric tonne,2026-07-13
2018-01-31,7065.852272727273,IMF Primary Commodity Prices via ALFRED,monthly,USD per metric tonne,2026-07-13
2018-02-28,7006.525,IMF Primary Commodity Prices via ALFRED,monthly,USD per metric tonne,2026-07-13
2018-03-31,6799.178571428571,IMF Primary Commodity Prices via ALFRED,monthly,USD per metric tonne,2026-07-13
2018-04-30,6851.5125,IMF Primary Commodity Prices via ALFRED,monthly,USD per metric tonne,2026-07-13
2018-05-31,6825.27380952381,IMF Primary Commodity Prices via ALFRED,monthly,USD per metric tonne,2026-07-13
2018-06-30,6965.857142857143,IMF Primary Commodity Prices via ALFRED,monthly,USD per metric tonne,2026-07-13
2018-07-31,6250.75,IMF Primary Commodity Prices via ALFRED,monthly,USD per metric tonne,2026-07-13
2018-08-31,6051.045454545455,IMF Primary Commodity Prices via ALFRED,monthly,USD per metric tonne,2026-07-13
2018-09-30,6050.7625,IMF Primary Commodity Prices via ALFRED,monthly,USD per metric tonne,2026-07-13
2018-10-31,6219.586956521739,IMF Primary Commodity Prices via ALFRED,monthly,USD per metric tonne,2026-07-13
2018-11-30,6195.920454545455,IMF Primary Commodity Prices via ALFRED,monthly,USD per metric tonne,2026-07-13
2018-12-31,6075.315789473684,IMF Primary Commodity Prices via ALFRED,monthly,USD per metric tonne,2026-07-13
2019-01-31,5939.102272727273,IMF Primary Commodity Prices via ALFRED,monthly,USD per metric tonne,2026-07-13
2019-02-28,6300.4875,IMF Primary Commodity Prices via ALFRED,monthly,USD per metric tonne,2026-07-13
2019-03-31,6439.464285714286,IMF Primary Commodity Prices via ALFRED,monthly,USD per metric tonne,2026-07-13
2019-04-30,6438.3625,IMF Primary Commodity Prices via ALFRED,monthly,USD per metric tonne,2026-07-13
2019-05-31,6017.904761904762,IMF Primary Commodity Prices via ALFRED,monthly,USD per metric tonne,2026-07-13
2019-06-30,5882.225,IMF Primary Commodity Prices via ALFRED,monthly,USD per metric tonne,2026-07-13
2019-07-31,5941.195652173913,IMF Primary Commodity Prices via ALFRED,monthly,USD per metric tonne,2026-07-13
2019-08-31,5709.440476190476,IMF Primary Commodity Prices via ALFRED,monthly,USD per metric tonne,2026-07-13
2019-09-30,5759.25,IMF Primary Commodity Prices via ALFRED,monthly,USD per metric tonne,2026-07-13
2019-10-31,5757.297826086957,IMF Primary Commodity Prices via ALFRED,monthly,USD per metric tonne,2026-07-13
2019-11-30,5859.952380952381,IMF Primary Commodity Prices via ALFRED,monthly,USD per metric tonne,2026-07-13
2019-12-31,6077.0625,IMF Primary Commodity Prices via ALFRED,monthly,USD per metric tonne,2026-07-13
2020-01-31,6031.209090909091,IMF Primary Commodity Prices via ALFRED,monthly,USD per metric tonne,2026-07-13
2020-02-29,5687.75,IMF Primary Commodity Prices via ALFRED,monthly,USD per metric tonne,2026-07-13
2020-03-31,5182.631818181818,IMF Primary Commodity Prices via ALFRED,monthly,USD per metric tonne,2026-07-13
2020-04-30,5057.972,IMF Primary Commodity Prices via ALFRED,monthly,USD per metric tonne,2026-07-13
2020-05-31,5239.826315789474,IMF Primary Commodity Prices via ALFRED,monthly,USD per metric tonne,2026-07-13
2020-06-30,5754.595454545455,IMF Primary Commodity Prices via ALFRED,monthly,USD per metric tonne,2026-07-13
2020-07-31,6372.460869565217,IMF Primary Commodity Prices via ALFRED,monthly,USD per metric tonne,2026-07-13
2020-08-31,6508.392857142857,IMF Primary Commodity Prices via ALFRED,monthly,USD per metric tonne,2026-07-13
2020-09-30,6704.9,IMF Primary Commodity Prices via ALFRED,monthly,USD per metric tonne,2026-07-13
2020-10-31,6713.811363636364,IMF Primary Commodity Prices via ALFRED,monthly,USD per metric tonne,2026-07-13
2020-11-30,7068.907142857143,IMF Primary Commodity Prices via ALFRED,monthly,USD per metric tonne,2026-07-13
2020-12-31,7772.238095238095,IMF Primary Commodity Prices via ALFRED,monthly,USD per metric tonne,2026-07-13
2021-01-31,7972.1475,IMF Primary Commodity Prices via ALFRED,monthly,USD per metric tonne,2026-07-13
2021-02-28,8470.94,IMF Primary Commodity Prices via ALFRED,monthly,USD per metric tonne,2026-07-13
2021-03-31,8988.247826086958,IMF Primary Commodity Prices via ALFRED,monthly,USD per metric tonne,2026-07-13
2021-04-30,9324.8175,IMF Primary Commodity Prices via ALFRED,monthly,USD per metric tonne,2026-07-13
2021-05-31,10166.285,IMF Primary Commodity Prices via ALFRED,monthly,USD per metric tonne,2026-07-13
2021-06-30,9631.5,IMF Primary Commodity Prices via ALFRED,monthly,USD per metric tonne,2026-07-13
2021-07-31,9450.820454545456,IMF Primary Commodity Prices via ALFRED,monthly,USD per metric tonne,2026-07-13
2021-08-31,9370.138571428572,IMF Primary Commodity Prices via ALFRED,monthly,USD per metric tonne,2026-07-13
2021-09-30,9324.709545454543,IMF Primary Commodity Prices via ALFRED,monthly,USD per metric tonne,2026-07-13
2021-10-31,9829.219047619048,IMF Primary Commodity Prices via ALFRED,monthly,USD per metric tonne,2026-07-13
2021-11-30,9728.904545454545,IMF Primary Commodity Prices via ALFRED,monthly,USD per metric tonne,2026-07-13
2021-12-31,9551.18,IMF Primary Commodity Prices via ALFRED,monthly,USD per metric tonne,2026-07-13
2022-01-31,9782.3375,IMF Primary Commodity Prices via ALFRED,monthly,USD per metric tonne,2026-07-13
2022-02-28,9943.175,IMF Primary Commodity Prices via ALFRED,monthly,USD per metric tonne,2026-07-13
2022-03-31,10230.89391304348,IMF Primary Commodity Prices via ALFRED,monthly,USD per metric tonne,2026-07-13
2022-04-30,10174.34761904762,IMF Primary Commodity Prices via ALFRED,monthly,USD per metric tonne,2026-07-13
2022-05-31,9395.027272727271,IMF Primary Commodity Prices via ALFRED,monthly,USD per metric tonne,2026-07-13
2022-06-30,9067.55181818182,IMF Primary Commodity Prices via ALFRED,monthly,USD per metric tonne,2026-07-13
2022-07-31,7544.809523809524,IMF Primary Commodity Prices via ALFRED,monthly,USD per metric tonne,2026-07-13
2022-08-31,7990.812173913043,IMF Primary Commodity Prices via ALFRED,monthly,USD per metric tonne,2026-07-13
2022-09-30,7746.011363636364,IMF Primary Commodity Prices via ALFRED,monthly,USD per metric tonne,2026-07-13
2022-10-31,7651.082857142857,IMF Primary Commodity Prices via ALFRED,monthly,USD per metric tonne,2026-07-13
2022-11-30,8049.861363636364,IMF Primary Commodity Prices via ALFRED,monthly,USD per metric tonne,2026-07-13
2022-12-31,8371.091363636364,IMF Primary Commodity Prices via ALFRED,monthly,USD per metric tonne,2026-07-13
2023-01-31,9007.346363636363,IMF Primary Commodity Prices via ALFRED,monthly,USD per metric tonne,2026-07-13
2023-02-28,8936.587,IMF Primary Commodity Prices via ALFRED,monthly,USD per metric tonne,2026-07-13
2023-03-31,8856.310869565217,IMF Primary Commodity Prices via ALFRED,monthly,USD per metric tonne,2026-07-13
2023-04-30,8809.1575,IMF Primary Commodity Prices via ALFRED,monthly,USD per metric tonne,2026-07-13
2023-05-31,8243.156086956522,IMF Primary Commodity Prices via ALFRED,monthly,USD per metric tonne,2026-07-13
2023-06-30,8396.517727272727,IMF Primary Commodity Prices via ALFRED,monthly,USD per metric tonne,2026-07-13
2023-07-31,8476.679047619047,IMF Primary Commodity Prices via ALFRED,monthly,USD per metric tonne,2026-07-13
2023-08-31,8347.828260869564,IMF Primary Commodity Prices via ALFRED,monthly,USD per metric tonne,2026-07-13
2023-09-30,8276.71380952381,IMF Primary Commodity Prices via ALFRED,monthly,USD per metric tonne,2026-07-13
2023-10-31,7941.355909090909,IMF Primary Commodity Prices via ALFRED,monthly,USD per metric tonne,2026-07-13
2023-11-30,8189.587727272727,IMF Primary Commodity Prices via ALFRED,monthly,USD per metric tonne,2026-07-13
2023-12-31,8407.900476190476,IMF Primary Commodity Prices via ALFRED,monthly,USD per metric tonne,2026-07-13
2024-01-31,8351.339565217391,IMF Primary Commodity Prices via ALFRED,monthly,USD per metric tonne,2026-07-13
2024-02-29,8304.950476190475,IMF Primary Commodity Prices via ALFRED,monthly,USD per metric tonne,2026-07-13
2024-03-31,8692.819047619048,IMF Primary Commodity Prices via ALFRED,monthly,USD per metric tonne,2026-07-13
2024-04-30,9445.593636363636,IMF Primary Commodity Prices via ALFRED,monthly,USD per metric tonne,2026-07-13
2024-05-31,10117.163478260873,IMF Primary Commodity Prices via ALFRED,monthly,USD per metric tonne,2026-07-13
2024-06-30,9648.167,IMF Primary Commodity Prices via ALFRED,monthly,USD per metric tonne,2026-07-13
2024-07-31,9385.31304347826,IMF Primary Commodity Prices via ALFRED,monthly,USD per metric tonne,2026-07-13
2024-08-31,8981.117727272727,IMF Primary Commodity Prices via ALFRED,monthly,USD per metric tonne,2026-07-13
2024-09-30,9259.128571428571,IMF Primary Commodity Prices via ALFRED,monthly,USD per metric tonne,2026-07-13
2024-10-31,9533.991304347826,IMF Primary Commodity Prices via ALFRED,monthly,USD per metric tonne,2026-07-13
2024-11-30,9075.727142857144,IMF Primary Commodity Prices via ALFRED,monthly,USD per metric tonne,2026-07-13
2024-12-31,8909.907727272726,IMF Primary Commodity Prices via ALFRED,monthly,USD per metric tonne,2026-07-13
2025-01-31,8976.68043478261,IMF Primary Commodity Prices via ALFRED,monthly,USD per metric tonne,2026-07-13
2025-02-28,9330.975,IMF Primary Commodity Prices via ALFRED,monthly,USD per metric tonne,2026-07-13
2025-03-31,9735.823333333332,IMF Primary Commodity Prices via ALFRED,monthly,USD per metric tonne,2026-07-13
2025-04-30,9172.695909090908,IMF Primary Commodity Prices via ALFRED,monthly,USD per metric tonne,2026-07-13
2025-05-31,9531.200909090909,IMF Primary Commodity Prices via ALFRED,monthly,USD per metric tonne,2026-07-13
2025-06-30,9835.068095238095,IMF Primary Commodity Prices via ALFRED,monthly,USD per metric tonne,2026-07-13
2025-07-31,9770.580434782609,IMF Primary Commodity Prices via ALFRED,monthly,USD per metric tonne,2026-07-13
2025-08-31,9671.875714285714,IMF Primary Commodity Prices via ALFRED,monthly,USD per metric tonne,2026-07-13
2025-09-30,9994.773181818182,IMF Primary Commodity Prices via ALFRED,monthly,USD per metric tonne,2026-07-13
2025-10-31,10739.91826086957,IMF Primary Commodity Prices via ALFRED,monthly,USD per metric tonne,2026-07-13
2025-11-30,10812.028,IMF Primary Commodity Prices via ALFRED,monthly,USD per metric tonne,2026-07-13
2025-12-31,11790.96409090909,IMF Primary Commodity Prices via ALFRED,monthly,USD per metric tonne,2026-07-13
2026-01-31,12986.60681818182,IMF Primary Commodity Prices via ALFRED,monthly,USD per metric tonne,2026-07-13
2026-02-28,12951.345,IMF Primary Commodity Prices via ALFRED,monthly,USD per metric tonne,2026-07-13
2026-03-31,12528.709545454552,IMF Primary Commodity Prices via ALFRED,monthly,USD per metric tonne,2026-07-13
2026-04-30,12890.687727272732,IMF Primary Commodity Prices via ALFRED,monthly,USD per metric tonne,2026-07-13
2026-05-31,13512.156190476187,IMF Primary Commodity Prices via ALFRED,monthly,USD per metric tonne,2026-07-13
2026-06-30,13552.040909090912,IMF Primary Commodity Prices via ALFRED,monthly,USD per metric tonne,2026-07-13
